STORE_CODE,ITEM_CODE,ITEM_NAME,SALES_PRICE,DISC_PRICE,DIVISION,DEPARTMENT,CLASS,SUBCLASS,PROMO_START_DATE,PROMO_END_DATE
084,101002007974                  ,KITKAT CHOCOLATE 4F 35GR                                                                                                                                                                                                                                                                                                                                                                                                                                                                                            ,15000,0,01-FOOD                                                                                             ,001-CONFECTIONARY                                                                                   ,02-001-CHOCOLATE                                                                                                                                                                                        ,02-02-001-CHOCOLATE BLOCK                                                                                                                                                                               ,        ,        
084,101002008209                  ,CADBURY BLACKFOREST 62GR/57GR                                                                                                                                                                                                                                                                                                                                                                                                                                                                                       ,25000,0,01-FOOD                                                                                             ,001-CONFECTIONARY                                                                                   ,02-001-CHOCOLATE                                                                                                                                                                                        ,02-02-001-CHOCOLATE BLOCK                                                                                                                                                                               ,        ,        
084,101002054271                  ,SACRED CACAO THE GOOD OLD CLAS                                                                                                                                                                                                                                                                                                                                                                                                                                                                                      ,93500,0,01-FOOD                                                                                             ,001-CONFECTIONARY                                                                                   ,02-001-CHOCOLATE                                                                                                                                                                                        ,01-02-001-CHOCOLATE CANDY                                                                                                                                                                               ,        ,        
084,101002055437                  ,SACRED CACAO HAZELNUT BUTTER 5                                                                                                                                                                                                                                                                                                                                                                                                                                                                                      ,93500,0,01-FOOD                                                                                             ,001-CONFECTIONARY                                                                                   ,02-001-CHOCOLATE                                                                                                                                                                                        ,01-02-001-CHOCOLATE CANDY                                                                                                                                                                               ,        ,        
084,101002062049                  ,SACRED CACAO 75% DARK & NIBS 5                                                                                                                                                                                                                                                                                                                                                                                                                                                                                      ,93500,0,01-FOOD                                                                                             ,001-CONFECTIONARY                                                                                   ,02-001-CHOCOLATE                                                                                                                                                                                        ,01-02-001-CHOCOLATE CANDY                                                                                                                                                                               ,        ,        
084,101002068903                  ,XYLITOL COOL MINT 58GR                                                                                                                                                                                                                                                                                                                                                                                                                                                                                              ,22000,0,01-FOOD                                                                                             ,001-CONFECTIONARY                                                                                   ,01-001-CANDY                                                                                                                                                                                            ,04-01-001-CHEWING GUM                                                                                                                                                                                   ,        ,        
084,101002074918                  ,DARK WONDER 47% SMOOTH DARK CH                                                                                                                                                                                                                                                                                                                                                                                                                                                                                      ,24000,0,01-FOOD                                                                                             ,001-CONFECTIONARY                                                                                   ,02-001-CHOCOLATE                                                                                                                                                                                        ,05-02-001-BAR                                                                                                                                                                                           ,        ,        
084,101002078555                  ,SACRED CACAO COFFEE TOFFEE HON                                                                                                                                                                                                                                                                                                                                                                                                                                                                                      ,93500,0,01-FOOD                                                                                             ,001-CONFECTIONARY                                                                                   ,02-001-CHOCOLATE                                                                                                                                                                                        ,01-02-001-CHOCOLATE CANDY                                                                                                                                                                               ,        ,        
084,101002084069                  ,PEPITO JUNGLEGOLD CHOCOLATE MI                                                                                                                                                                                                                                                                                                                                                                                                                                                                                      ,155000,150000,01-FOOD                                                                                             ,001-CONFECTIONARY                                                                                   ,02-001-CHOCOLATE                                                                                                                                                                                        ,04-02-001-CHOCOLATE GIFT PARCE                                                                                                                                                                          ,16 Aug  ,31 Aug  
084,101003005033                  ,FRENCH FRIES PREMIUM 68GR                                                                                                                                                                                                                                                                                                                                                                                                                                                                                           ,10500,17000,01-FOOD                                                                                             ,002-BISCUIT&SNACKS                                                                                  ,02-002-SNACKS                                                                                                                                                                                           ,01-02-002-CHIPS                                                                                                                                                                                         ,16 Aug  ,31 Aug  
084,101003005141                  ,LOACKER NAPOLINE 45GR                                                                                                                                                                                                                                                                                                                                                                                                                                                                                               ,25500,19900,01-FOOD                                                                                             ,002-BISCUIT&SNACKS                                                                                  ,01-002-BISCUITS                                                                                                                                                                                         ,04-01-002-WAFERS                                                                                                                                                                                        ,16 Aug  ,31 Aug  
084,101003005145                  ,SELAMAT WAFER CHOCOLATE 145GR                                                                                                                                                                                                                                                                                                                                                                                                                                                                                       ,18500,15900,01-FOOD                                                                                             ,002-BISCUIT&SNACKS                                                                                  ,01-002-BISCUITS                                                                                                                                                                                         ,04-01-002-WAFERS                                                                                                                                                                                        ,16 Aug  ,31 Aug  
084,101003005159                  ,LOACKER VANILA WAFFER  250GR                                                                                                                                                                                                                                                                                                                                                                                                                                                                                        ,126500,103900,01-FOOD                                                                                             ,002-BISCUIT&SNACKS                                                                                  ,01-002-BISCUITS                                                                                                                                                                                         ,04-01-002-WAFERS                                                                                                                                                                                        ,16 Aug  ,31 Aug  
084,101003007910                  ,LOACKER WFR QUADRA KAKAO 250GR                                                                                                                                                                                                                                                                                                                                                                                                                                                                                      ,128500,105900,01-FOOD                                                                                             ,002-BISCUIT&SNACKS                                                                                  ,01-002-BISCUITS                                                                                                                                                                                         ,04-01-002-WAFERS                                                                                                                                                                                        ,16 Aug  ,31 Aug  
084,101003007911                  ,LOACKER WFR QUADRA NAPOL 250GR                                                                                                                                                                                                                                                                                                                                                                                                                                                                                      ,128500,105900,01-FOOD                                                                                             ,002-BISCUIT&SNACKS                                                                                  ,01-002-BISCUITS                                                                                                                                                                                         ,04-01-002-WAFERS                                                                                                                                                                                        ,16 Aug  ,31 Aug  
084,101003007913                  ,LOACKER CREAM CACAO 45GR                                                                                                                                                                                                                                                                                                                                                                                                                                                                                            ,25500,19900,01-FOOD                                                                                             ,002-BISCUIT&SNACKS                                                                                  ,01-002-BISCUITS                                                                                                                                                                                         ,04-01-002-WAFERS                                                                                                                                                                                        ,16 Aug  ,31 Aug  
084,101003007918                  ,LOACKER MILK 45GR                                                                                                                                                                                                                                                                                                                                                                                                                                                                                                   ,25500,19900,01-FOOD                                                                                             ,002-BISCUIT&SNACKS                                                                                  ,01-002-BISCUITS                                                                                                                                                                                         ,04-01-002-WAFERS                                                                                                                                                                                        ,16 Aug  ,31 Aug  
084,101003007919                  ,LOACKER VANILA 45GR                                                                                                                                                                                                                                                                                                                                                                                                                                                                                                 ,25500,19900,01-FOOD                                                                                             ,002-BISCUIT&SNACKS                                                                                  ,01-002-BISCUITS                                                                                                                                                                                         ,04-01-002-WAFERS                                                                                                                                                                                        ,16 Aug  ,31 Aug  
084,101003008212                  ,POCKY CHOCO STICK 50GR                                                                                                                                                                                                                                                                                                                                                                                                                                                                                              ,11000,0,01-FOOD                                                                                             ,002-BISCUIT&SNACKS                                                                                  ,01-002-BISCUITS                                                                                                                                                                                         ,07-01-002-STICK                                                                                                                                                                                         ,16 Aug  ,31 Aug  
084,101003031287                  ,DIGESTVE BISC CHOC OAT 250GR                                                                                                                                                                                                                                                                                                                                                                                                                                                                                        ,30500,0,01-FOOD                                                                                             ,002-BISCUIT&SNACKS                                                                                  ,01-002-BISCUITS                                                                                                                                                                                         ,03-01-002-COOKIES                                                                                                                                                                                       ,        ,        
084,101003032443                  ,MOTTO COCOA 34GR                                                                                                                                                                                                                                                                                                                                                                                                                                                                                                    ,15500,13900,01-FOOD                                                                                             ,002-BISCUIT&SNACKS                                                                                  ,01-002-BISCUITS                                                                                                                                                                                         ,04-01-002-WAFERS                                                                                                                                                                                        ,16 Aug  ,31 Aug  
084,101003032887                  ,OREO CHOCO VANI WAFER 140.4GR                                                                                                                                                                                                                                                                                                                                                                                                                                                                                       ,12500,0,01-FOOD                                                                                             ,002-BISCUIT&SNACKS                                                                                  ,01-002-BISCUITS                                                                                                                                                                                         ,04-01-002-WAFERS                                                                                                                                                                                        ,        ,        
084,101003036607                  ,MIAOW MIAOW CUTTLEFISH CRACKER                                                                                                                                                                                                                                                                                                                                                                                                                                                                                      ,16500,12900,01-FOOD                                                                                             ,002-BISCUIT&SNACKS                                                                                  ,02-002-SNACKS                                                                                                                                                                                           ,10-02-002-CRACKERS                                                                                                                                                                                      ,16 Aug  ,31 Aug  
084,101003039077                  ,KATA OMA KEJU 68GR                                                                                                                                                                                                                                                                                                                                                                                                                                                                                                  ,19500,0,01-FOOD                                                                                             ,002-BISCUIT&SNACKS                                                                                  ,02-002-SNACKS                                                                                                                                                                                           ,04-02-002-TRAD SNACKS                                                                                                                                                                                   ,        ,        
084,101003039081                  ,KATA OMA GULA  AREN 68GR                                                                                                                                                                                                                                                                                                                                                                                                                                                                                            ,19500,0,01-FOOD                                                                                             ,002-BISCUIT&SNACKS                                                                                  ,02-002-SNACKS                                                                                                                                                                                           ,04-02-002-TRAD SNACKS                                                                                                                                                                                   ,        ,        
084,101003039083                  ,KATA OMA BALADO 68GR                                                                                                                                                                                                                                                                                                                                                                                                                                                                                                ,19500,0,01-FOOD                                                                                             ,002-BISCUIT&SNACKS                                                                                  ,02-002-SNACKS                                                                                                                                                                                           ,04-02-002-TRAD SNACKS                                                                                                                                                                                   ,        ,        
084,101003041658                  ,CHITATO LITE SOUR CREAM ONION                                                                                                                                                                                                                                                                                                                                                                                                                                                                                       ,13000,10900,01-FOOD                                                                                             ,002-BISCUIT&SNACKS                                                                                  ,02-002-SNACKS                                                                                                                                                                                           ,01-02-002-CHIPS                                                                                                                                                                                         ,16 Aug  ,31 Aug  
084,101003041660                  ,CHITATO LITE NORI SEAWEED 68GR                                                                                                                                                                                                                                                                                                                                                                                                                                                                                      ,11000,8000,01-FOOD                                                                                             ,002-BISCUIT&SNACKS                                                                                  ,02-002-SNACKS                                                                                                                                                                                           ,01-02-002-CHIPS                                                                                                                                                                                         ,16 Aug  ,31 Aug  
084,101003062044                  ,VALLEDORO GRISSINI SATELLI 100                                                                                                                                                                                                                                                                                                                                                                                                                                                                                      ,46500,0,01-FOOD                                                                                             ,002-BISCUIT&SNACKS                                                                                  ,01-002-BISCUITS                                                                                                                                                                                         ,01-01-002-CRACKERS                                                                                                                                                                                      ,        ,        
084,101003066860                  ,POCKY CRUSHED NUTS ALMOND MILK                                                                                                                                                                                                                                                                                                                                                                                                                                                                                      ,15000,0,01-FOOD                                                                                             ,002-BISCUIT&SNACKS                                                                                  ,01-002-BISCUITS                                                                                                                                                                                         ,07-01-002-STICK                                                                                                                                                                                         ,16 Aug  ,31 Aug  
084,101003067355                  ,LOACKER WAFER PEANUT 45GR                                                                                                                                                                                                                                                                                                                                                                                                                                                                                           ,25500,19900,01-FOOD                                                                                             ,002-BISCUIT&SNACKS                                                                                  ,01-002-BISCUITS                                                                                                                                                                                         ,04-01-002-WAFERS                                                                                                                                                                                        ,16 Aug  ,31 Aug  
084,101003069991                  ,MERUBALI COCONUT CHIPS CHOCOLA                                                                                                                                                                                                                                                                                                                                                                                                                                                                                      ,24500,0,01-FOOD                                                                                             ,002-BISCUIT&SNACKS                                                                                  ,02-002-SNACKS                                                                                                                                                                                           ,01-02-002-CHIPS                                                                                                                                                                                         ,        ,        
084,101003072746                  ,MISTER POTATO BBQ 106GR/85 GR                                                                                                                                                                                                                                                                                                                                                                                                                                                                                       ,21500,18900,01-FOOD                                                                                             ,002-BISCUIT&SNACKS                                                                                  ,02-002-SNACKS                                                                                                                                                                                           ,01-02-002-CHIPS                                                                                                                                                                                         ,16 Aug  ,31 Aug  
084,101003072747                  ,MISTER POTATO ORIGINAL 106GR/8                                                                                                                                                                                                                                                                                                                                                                                                                                                                                      ,20500,17900,01-FOOD                                                                                             ,002-BISCUIT&SNACKS                                                                                  ,02-002-SNACKS                                                                                                                                                                                           ,01-02-002-CHIPS                                                                                                                                                                                         ,16 Aug  ,31 Aug  
084,101003076076                  ,TONG GARDEN NUTRIONE BAKED CAS                                                                                                                                                                                                                                                                                                                                                                                                                                                                                      ,52500,46900,01-FOOD                                                                                             ,002-BISCUIT&SNACKS                                                                                  ,02-002-SNACKS                                                                                                                                                                                           ,08-02-002-NUTS                                                                                                                                                                                          ,16 Aug  ,31 Aug  
084,101003076077                  ,TONG GARDEN NUTRIONE BAKED MAC                                                                                                                                                                                                                                                                                                                                                                                                                                                                                      ,83000,77900,01-FOOD                                                                                             ,002-BISCUIT&SNACKS                                                                                  ,02-002-SNACKS                                                                                                                                                                                           ,08-02-002-NUTS                                                                                                                                                                                          ,16 Aug  ,31 Aug  
084,101003076078                  ,TONG GARDEN NUTRIONE BAKED PIS                                                                                                                                                                                                                                                                                                                                                                                                                                                                                      ,52500,46900,01-FOOD                                                                                             ,002-BISCUIT&SNACKS                                                                                  ,02-002-SNACKS                                                                                                                                                                                           ,08-02-002-NUTS                                                                                                                                                                                          ,16 Aug  ,31 Aug  
084,101003080666                  ,ONE THIRD CUP SAY CHEESE GLUTE                                                                                                                                                                                                                                                                                                                                                                                                                                                                                      ,41500,36500,01-FOOD                                                                                             ,002-BISCUIT&SNACKS                                                                                  ,01-002-BISCUITS                                                                                                                                                                                         ,03-01-002-COOKIES                                                                                                                                                                                       ,16 Aug  ,31 Aug  
084,101003080696                  ,TONG GARDEN NUTRIONE BAKED COC                                                                                                                                                                                                                                                                                                                                                                                                                                                                                      ,52500,46900,01-FOOD                                                                                             ,002-BISCUIT&SNACKS                                                                                  ,02-002-SNACKS                                                                                                                                                                                           ,08-02-002-NUTS                                                                                                                                                                                          ,16 Aug  ,31 Aug  
084,101003080732                  ,MARTIRELO CHEESE AND ONION POT                                                                                                                                                                                                                                                                                                                                                                                                                                                                                      ,67500,0,01-FOOD                                                                                             ,002-BISCUIT&SNACKS                                                                                  ,02-002-SNACKS                                                                                                                                                                                           ,01-02-002-CHIPS                                                                                                                                                                                         ,08 Aug  ,30 Sep  
084,101003080735                  ,MARTIRELO ROASTED PAPRIKA POTA                                                                                                                                                                                                                                                                                                                                                                                                                                                                                      ,69500,0,01-FOOD                                                                                             ,002-BISCUIT&SNACKS                                                                                  ,02-002-SNACKS                                                                                                                                                                                           ,01-02-002-CHIPS                                                                                                                                                                                         ,16 Jul  ,31 Aug  
084,101003080867                  ,OLIVIVERO FREEZE DRIED FRUIT C                                                                                                                                                                                                                                                                                                                                                                                                                                                                                      ,56000,0,01-FOOD                                                                                             ,002-BISCUIT&SNACKS                                                                                  ,02-002-SNACKS                                                                                                                                                                                           ,01-02-002-CHIPS                                                                                                                                                                                         ,        ,        
084,101003080868                  ,OLIVIVERO FREEZE DRIED FRUIT S                                                                                                                                                                                                                                                                                                                                                                                                                                                                                      ,42000,0,01-FOOD                                                                                             ,002-BISCUIT&SNACKS                                                                                  ,02-002-SNACKS                                                                                                                                                                                           ,01-02-002-CHIPS                                                                                                                                                                                         ,        ,        
084,101003081540                  ,CHEETOS KEJU 120 GR                                                                                                                                                                                                                                                                                                                                                                                                                                                                                                 ,16000,0,01-FOOD                                                                                             ,002-BISCUIT&SNACKS                                                                                  ,02-002-SNACKS                                                                                                                                                                                           ,11-02-002-PUFF                                                                                                                                                                                          ,        ,        
084,101003081541                  ,DORITOS SAMBAL SALSA 120 GR                                                                                                                                                                                                                                                                                                                                                                                                                                                                                         ,15000,0,01-FOOD                                                                                             ,002-BISCUIT&SNACKS                                                                                  ,02-002-SNACKS                                                                                                                                                                                           ,12-02-002-TORTILLA                                                                                                                                                                                      ,16 Aug  ,31 Aug  
084,101003082207                  ,TONG GARDEN SALTED PUMPKIN 110                                                                                                                                                                                                                                                                                                                                                                                                                                                                                      ,69000,63900,01-FOOD                                                                                             ,002-BISCUIT&SNACKS                                                                                  ,02-002-SNACKS                                                                                                                                                                                           ,08-02-002-NUTS                                                                                                                                                                                          ,16 Aug  ,31 Aug  
084,101003082594                  ,PEPITO KACANG BAWANG TIN 320GR                                                                                                                                                                                                                                                                                                                                                                                                                                                                                      ,46000,80000,01-FOOD                                                                                             ,002-BISCUIT&SNACKS                                                                                  ,02-002-SNACKS                                                                                                                                                                                           ,08-02-002-NUTS                                                                                                                                                                                          ,16 Aug  ,31 Aug  
084,101003083140                  ,PEPITO CRISPY COCONUT CHOCOLAT                                                                                                                                                                                                                                                                                                                                                                                                                                                                                      ,21500,0,01-FOOD                                                                                             ,002-BISCUIT&SNACKS                                                                                  ,02-002-SNACKS                                                                                                                                                                                           ,01-02-002-CHIPS                                                                                                                                                                                         ,07 Aug  ,02 Oct  
084,101003083392                  ,SUN GIFT CRISPY COCONUT CHIPS                                                                                                                                                                                                                                                                                                                                                                                                                                                                                       ,23000,19900,01-FOOD                                                                                             ,002-BISCUIT&SNACKS                                                                                  ,02-002-SNACKS                                                                                                                                                                                           ,01-02-002-CHIPS                                                                                                                                                                                         ,16 Aug  ,31 Aug  
084,101003083393                  ,SUN GIFT CRISPY COCONUT CHIPS                                                                                                                                                                                                                                                                                                                                                                                                                                                                                       ,27000,23900,01-FOOD                                                                                             ,002-BISCUIT&SNACKS                                                                                  ,02-002-SNACKS                                                                                                                                                                                           ,01-02-002-CHIPS                                                                                                                                                                                         ,16 Aug  ,31 Aug  
084,101003085745                  ,WANNA FREAK POTATO CHIPS BLACK                                                                                                                                                                                                                                                                                                                                                                                                                                                                                      ,91000,79900,01-FOOD                                                                                             ,002-BISCUIT&SNACKS                                                                                  ,02-002-SNACKS                                                                                                                                                                                           ,01-02-002-CHIPS                                                                                                                                                                                         ,16 Aug  ,31 Aug  
084,101003085746                  ,WANNA FREAK POTATO CHIPS HONEY                                                                                                                                                                                                                                                                                                                                                                                                                                                                                      ,91000,79900,01-FOOD                                                                                             ,002-BISCUIT&SNACKS                                                                                  ,02-002-SNACKS                                                                                                                                                                                           ,01-02-002-CHIPS                                                                                                                                                                                         ,16 Aug  ,31 Aug  
084,101003085747                  ,WANNA FREAK POTATO CHIPS HOT P                                                                                                                                                                                                                                                                                                                                                                                                                                                                                      ,91000,79900,01-FOOD                                                                                             ,002-BISCUIT&SNACKS                                                                                  ,02-002-SNACKS                                                                                                                                                                                           ,01-02-002-CHIPS                                                                                                                                                                                         ,16 Aug  ,31 Aug  
084,101003085748                  ,WANNA FREAK POTATO CHIPS LIGHT                                                                                                                                                                                                                                                                                                                                                                                                                                                                                      ,91000,79900,01-FOOD                                                                                             ,002-BISCUIT&SNACKS                                                                                  ,02-002-SNACKS                                                                                                                                                                                           ,01-02-002-CHIPS                                                                                                                                                                                         ,16 Aug  ,31 Aug  
084,101003085749                  ,WANNA FREAK POTATO CHIPS HIMAL                                                                                                                                                                                                                                                                                                                                                                                                                                                                                      ,91000,79900,01-FOOD                                                                                             ,002-BISCUIT&SNACKS                                                                                  ,02-002-SNACKS                                                                                                                                                                                           ,01-02-002-CHIPS                                                                                                                                                                                         ,16 Aug  ,31 Aug  
084,101005003825                  ,CERES SPREAD CHOCO DOUBLE HAZE                                                                                                                                                                                                                                                                                                                                                                                                                                                                                      ,71000,62900,01-FOOD                                                                                             ,004-BREAKFAST                                                                                       ,03-004-SPREADS                                                                                                                                                                                          ,05-03-004-CHOCOLATE                                                                                                                                                                                     ,16 Aug  ,31 Aug  
084,101005003830                  ,CERES SPREAD CHOCO HAZELNUT 35                                                                                                                                                                                                                                                                                                                                                                                                                                                                                      ,64500,55900,01-FOOD                                                                                             ,004-BREAKFAST                                                                                       ,03-004-SPREADS                                                                                                                                                                                          ,05-03-004-CHOCOLATE                                                                                                                                                                                     ,16 Aug  ,31 Aug  
084,101005007036                  ,NESCAFE CLASSIC COFFEE 50GR                                                                                                                                                                                                                                                                                                                                                                                                                                                                                         ,32000,0,01-FOOD                                                                                             ,004-BREAKFAST                                                                                       ,01-004-BEVERAGE                                                                                                                                                                                         ,02-01-004-ROASTED COFFE                                                                                                                                                                                 ,        ,        
084,101006003006                  ,KOKITA BAJAK HOT SAMBAL 250GR                                                                                                                                                                                                                                                                                                                                                                                                                                                                                       ,38500,0,01-FOOD                                                                                             ,005-STAPLE FOOD                                                                                     ,05-005-CONDIME&SPICES                                                                                                                                                                                   ,03-05-005-READY TO COOK                                                                                                                                                                                 ,        ,        
084,101006031927                  ,PONDAN BROWN KUKUS CHOCO 230G                                                                                                                                                                                                                                                                                                                                                                                                                                                                                       ,19000,0,01-FOOD                                                                                             ,005-STAPLE FOOD                                                                                     ,04-005-BAKING NEEDS                                                                                                                                                                                     ,01-04-005-CAKE MIX POWDER                                                                                                                                                                               ,        ,        
084,101007075213                  ,VIVA ORGANIQUE EXTRA VIRGIN OL                                                                                                                                                                                                                                                                                                                                                                                                                                                                                      ,179500,163900,01-FOOD                                                                                             ,006-COMMODITIES                                                                                     ,01-006-COOKING OIL                                                                                                                                                                                      ,03-01-006-OLIVE OIL                                                                                                                                                                                     ,16 Aug  ,31 Aug  
084,101007083104                  ,PEPITO SUNFLOWER OIL 1LT                                                                                                                                                                                                                                                                                                                                                                                                                                                                                            ,79500,0,01-FOOD                                                                                             ,006-COMMODITIES                                                                                     ,01-006-COOKING OIL                                                                                                                                                                                      ,01-01-006-VEGETABLE OIL                                                                                                                                                                                 ,07 Aug  ,02 Oct  
084,101008084324                  ,MOTI R6000 PASSION FRUIT                                                                                                                                                                                                                                                                                                                                                                                                                                                                                            ,301000,0,01-FOOD                                                                                             ,007-TOBACCO                                                                                         ,07-007-ELECTRIC                                                                                                                                                                                         ,03-07-007-DISPOSABLE                                                                                                                                                                                    ,        ,        
084,101009000755                  ,AQUA MINERAL WATER 1500ML                                                                                                                                                                                                                                                                                                                                                                                                                                                                                           ,8000,0,01-FOOD                                                                                             ,008-WATER                                                                                           ,01-008-MINERAL WATER                                                                                                                                                                                    ,01-01-008-PET                                                                                                                                                                                           ,        ,        
084,101009001258                  ,NESTLE PURELIFE 600ML                                                                                                                                                                                                                                                                                                                                                                                                                                                                                               ,3500,0,01-FOOD                                                                                             ,008-WATER                                                                                           ,01-008-MINERAL WATER                                                                                                                                                                                    ,01-01-008-PET                                                                                                                                                                                           ,        ,        
084,101009073847                  ,PEPITO AIR MINERAL 1500ML                                                                                                                                                                                                                                                                                                                                                                                                                                                                                           ,5000,0,01-FOOD                                                                                             ,008-WATER                                                                                           ,01-008-MINERAL WATER                                                                                                                                                                                    ,01-01-008-PET                                                                                                                                                                                           ,07 Aug  ,02 Oct  
084,101010000295                  ,POCARI SWEAT PET 350ML                                                                                                                                                                                                                                                                                                                                                                                                                                                                                              ,10500,0,01-FOOD                                                                                             ,009-ALCOHOL FREE                                                                                    ,12-009-ISOTONIC                                                                                                                                                                                         ,01-12-009-ISOTONIC                                                                                                                                                                                      ,        ,        
084,101010000301                  ,POCARI SWEAT 900ML                                                                                                                                                                                                                                                                                                                                                                                                                                                                                                  ,11500,0,01-FOOD                                                                                             ,009-ALCOHOL FREE                                                                                    ,12-009-ISOTONIC                                                                                                                                                                                         ,01-12-009-ISOTONIC                                                                                                                                                                                      ,        ,        
084,101010000589                  ,RED BULL ENERGI DRINK REG CAN                                                                                                                                                                                                                                                                                                                                                                                                                                                                                       ,113500,0,01-FOOD                                                                                             ,009-ALCOHOL FREE                                                                                    ,13-009-ENERGY DRINK                                                                                                                                                                                     ,01-13-009-ENERGY DRINK                                                                                                                                                                                  ,16 Aug  ,31 Aug  
084,101010000709                  ,YOU-C ORANGE WATER 500ML                                                                                                                                                                                                                                                                                                                                                                                                                                                                                            ,12500,0,01-FOOD                                                                                             ,009-ALCOHOL FREE                                                                                    ,12-009-ISOTONIC                                                                                                                                                                                         ,01-12-009-ISOTONIC                                                                                                                                                                                      ,        ,        
084,101010000713                  ,ORONAMIN C 120ML                                                                                                                                                                                                                                                                                                                                                                                                                                                                                                    ,8000,0,01-FOOD                                                                                             ,009-ALCOHOL FREE                                                                                    ,14-009-VITAMIN DRINK                                                                                                                                                                                    ,01-14-009-VITAMIN WATER                                                                                                                                                                                 ,08 Aug  ,30 Sep  
084,101010000741                  ,HYDRO COCO 250ML                                                                                                                                                                                                                                                                                                                                                                                                                                                                                                    ,10500,0,01-FOOD                                                                                             ,009-ALCOHOL FREE                                                                                    ,09-009-COCONUT WATER                                                                                                                                                                                    ,01-09-009-PURE COCONUT                                                                                                                                                                                  ,16 Aug  ,31 Aug  
084,101010000859                  ,MINUTE MAID PULPY ORANGE 1LTR                                                                                                                                                                                                                                                                                                                                                                                                                                                                                       ,19500,0,01-FOOD                                                                                             ,009-ALCOHOL FREE                                                                                    ,04-009-FLAVOURED DRINKS                                                                                                                                                                                 ,11-04-009-ORANGE                                                                                                                                                                                        ,        ,        
084,101010000919                  ,ULTRA MILK FULL CREAM 1000ML                                                                                                                                                                                                                                                                                                                                                                                                                                                                                        ,20000,0,01-FOOD                                                                                             ,009-ALCOHOL FREE                                                                                    ,08-009-MILK                                                                                                                                                                                             ,03-08-009-LOW FAT                                                                                                                                                                                       ,        ,        
084,101010001062                  ,COCA COLA PET 390ML                                                                                                                                                                                                                                                                                                                                                                                                                                                                                                 ,8000,5500,01-FOOD                                                                                             ,009-ALCOHOL FREE                                                                                    ,01-009-CARBONATED                                                                                                                                                                                       ,01-01-009-COLA                                                                                                                                                                                          ,16 Aug  ,31 Aug  
084,101010001077                  ,FANTA ORANGE PET 390ML                                                                                                                                                                                                                                                                                                                                                                                                                                                                                              ,8000,5500,01-FOOD                                                                                             ,009-ALCOHOL FREE                                                                                    ,01-009-CARBONATED                                                                                                                                                                                       ,01-01-009-COLA                                                                                                                                                                                          ,16 Aug  ,31 Aug  
084,101010001222                  ,DIAMOND UHT JUICE BLUEBERRY 1L                                                                                                                                                                                                                                                                                                                                                                                                                                                                                      ,36000,29900,01-FOOD                                                                                             ,009-ALCOHOL FREE                                                                                    ,03-009-PURE FRUIT JUICE                                                                                                                                                                                 ,02-03-009-BLUEBERRY                                                                                                                                                                                     ,16 Aug  ,31 Aug  
084,101010001280                  ,SPRITE PET 390ML                                                                                                                                                                                                                                                                                                                                                                                                                                                                                                    ,8000,5500,01-FOOD                                                                                             ,009-ALCOHOL FREE                                                                                    ,01-009-CARBONATED                                                                                                                                                                                       ,04-01-009-FRUIT FLAVOURED                                                                                                                                                                               ,16 Aug  ,31 Aug  
084,101010001281                  ,FANTA STRAWBERRY PET 390ML                                                                                                                                                                                                                                                                                                                                                                                                                                                                                          ,8000,5500,01-FOOD                                                                                             ,009-ALCOHOL FREE                                                                                    ,01-009-CARBONATED                                                                                                                                                                                       ,04-01-009-FRUIT FLAVOURED                                                                                                                                                                               ,16 Aug  ,31 Aug  
084,101010037727                  ,BADAK LARUTAN PENYEGAR BTL 500                                                                                                                                                                                                                                                                                                                                                                                                                                                                                      ,11000,9900,01-FOOD                                                                                             ,009-ALCOHOL FREE                                                                                    ,15-009-REMEDY DRINK                                                                                                                                                                                     ,01-15-009-NORMAL                                                                                                                                                                                        ,16 Aug  ,31 Aug  
084,101010040367                  ,GOLDEN SPARKLING ACARAKI 320ML                                                                                                                                                                                                                                                                                                                                                                                                                                                                                      ,14500,12900,01-FOOD                                                                                             ,009-ALCOHOL FREE                                                                                    ,04-009-FLAVOURED DRINKS                                                                                                                                                                                 ,20-04-009-TAMARIND                                                                                                                                                                                      ,16 Aug  ,31 Aug  
084,101010040883                  ,NESCAFE LATTE 24 X 220ML                                                                                                                                                                                                                                                                                                                                                                                                                                                                                            ,9500,17845,01-FOOD                                                                                             ,009-ALCOHOL FREE                                                                                    ,07-009-RTD COFFEE                                                                                                                                                                                       ,02-07-009-LATTE                                                                                                                                                                                         ,16 Aug  ,31 Aug  
084,101010052320                  ,HAPPY DAY FRUIT JUICE PINEAPPL                                                                                                                                                                                                                                                                                                                                                                                                                                                                                      ,93500,0,01-FOOD                                                                                             ,009-ALCOHOL FREE                                                                                    ,03-009-PURE FRUIT JUICE                                                                                                                                                                                 ,13-03-009-PINEAPPLE                                                                                                                                                                                     ,        ,        
084,101010065570                  ,COCA COLA ZERO PET 1LT                                                                                                                                                                                                                                                                                                                                                                                                                                                                                              ,16000,13900,01-FOOD                                                                                             ,009-ALCOHOL FREE                                                                                    ,01-009-CARBONATED                                                                                                                                                                                       ,03-01-009-ZERO SUGAR                                                                                                                                                                                    ,16 Aug  ,31 Aug  
084,101010065572                  ,SPRITE PET 1LT                                                                                                                                                                                                                                                                                                                                                                                                                                                                                                      ,16000,13900,01-FOOD                                                                                             ,009-ALCOHOL FREE                                                                                    ,01-009-CARBONATED                                                                                                                                                                                       ,04-01-009-FRUIT FLAVOURED                                                                                                                                                                               ,16 Aug  ,31 Aug  
084,101010082256                  ,POKKA OOLONG NO SUGAR TEA PET                                                                                                                                                                                                                                                                                                                                                                                                                                                                                       ,11500,0,01-FOOD                                                                                             ,009-ALCOHOL FREE                                                                                    ,06-009-RTD TEA                                                                                                                                                                                          ,06-06-009-OOLONG TEA                                                                                                                                                                                    ,        ,        
084,101011082234                  ,ABSOLUT BLUE VODKA 700ML (P)                                                                                                                                                                                                                                                                                                                                                                                                                                                                                        ,609500,0,01-FOOD                                                                                             ,010-ALCOHOL                                                                                         ,04-010-ALCOHOL&SPRIT                                                                                                                                                                                    ,09-04-010-VODKA                                                                                                                                                                                         ,        ,        
084,101012009316                  ,TELUR MERAH 6S                                                                                                                                                                                                                                                                                                                                                                                                                                                                                                      ,22500,0,01-FOOD                                                                                             ,011-DAIRY PRODUCT                                                                                   ,06-011-EGG CHICKEN                                                                                                                                                                                      ,01-06-011-REGULAR EGGS                                                                                                                                                                                  ,        ,        
084,101012009495                  ,GREENFIELDS CHEESE MOZZARELLA                                                                                                                                                                                                                                                                                                                                                                                                                                                                                       ,83500,0,01-FOOD                                                                                             ,011-DAIRY PRODUCT                                                                                   ,07-011-CHEESE                                                                                                                                                                                           ,11-07-011-FRESH CHEESE                                                                                                                                                                                  ,        ,        
084,101012029740                  ,TELUR CURAH KG                                                                                                                                                                                                                                                                                                                                                                                                                                                                                                      ,32000,0,01-FOOD                                                                                             ,011-DAIRY PRODUCT                                                                                   ,06-011-EGG CHICKEN                                                                                                                                                                                      ,01-06-011-REGULAR EGGS                                                                                                                                                                                  ,        ,        
084,101012066192                  ,ANCHOR BUTTER UNSALTED 100GR                                                                                                                                                                                                                                                                                                                                                                                                                                                                                        ,55500,0,01-FOOD                                                                                             ,011-DAIRY PRODUCT                                                                                   ,05-011-BUTTER/CREAM/MARGARI                                                                                                                                                                             ,01-05-011-UNSALTED BUTTER                                                                                                                                                                               ,        ,        
084,101012081475                  ,PEPITO TELUR OMEGA 3 10S                                                                                                                                                                                                                                                                                                                                                                                                                                                                                            ,37500,0,01-FOOD                                                                                             ,011-DAIRY PRODUCT                                                                                   ,06-011-EGG CHICKEN                                                                                                                                                                                      ,02-06-011-SPECIAL EGGS                                                                                                                                                                                  ,07 Aug  ,02 Oct  
084,101013048222                  ,CHAMP CHICKEN SAUSSAGE 500GR                                                                                                                                                                                                                                                                                                                                                                                                                                                                                        ,36000,32900,01-FOOD                                                                                             ,012-DELICATESEN                                                                                     ,08-012-SAUSAGES                                                                                                                                                                                         ,02-08-012-CHIC SAUSAGE                                                                                                                                                                                  ,23 Aug  ,31 Aug  
084,101014009800                  ,EDO MANTOU PLAIN 320GR                                                                                                                                                                                                                                                                                                                                                                                                                                                                                              ,41500,35900,01-FOOD                                                                                             ,013-FROZEN FOOD                                                                                     ,01-013-READY TO COOK                                                                                                                                                                                    ,01-01-013-BUN & MANTAU                                                                                                                                                                                  ,23 Aug  ,31 Aug  
084,101014009860                  ,EDO EBI FURAI 200GR                                                                                                                                                                                                                                                                                                                                                                                                                                                                                                 ,56000,0,01-FOOD                                                                                             ,013-FROZEN FOOD                                                                                     ,01-013-READY TO COOK                                                                                                                                                                                    ,09-01-013-JAPANESE FOOD                                                                                                                                                                                 ,01 Jun  ,30 Sep  
084,101014031655                  ,BERNARDI TOMYUM 300GR                                                                                                                                                                                                                                                                                                                                                                                                                                                                                               ,56000,0,01-FOOD                                                                                             ,013-FROZEN FOOD                                                                                     ,01-013-READY TO COOK                                                                                                                                                                                    ,09-01-013-JAPANESE FOOD                                                                                                                                                                                 ,01 Jun  ,30 Sep  
084,101014038750                  ,CEDEA ORIENTAL CARTOON 500GR                                                                                                                                                                                                                                                                                                                                                                                                                                                                                        ,88000,0,01-FOOD                                                                                             ,013-FROZEN FOOD                                                                                     ,04-013-FROZEN PROCESSED SEA                                                                                                                                                                             ,02-04-013-FISH                                                                                                                                                                                          ,01 Jun  ,30 Sep  
084,101014039548                  ,BELFOODS CHICKEN NUGGET SAFARI                                                                                                                                                                                                                                                                                                                                                                                                                                                                                      ,64500,0,01-FOOD                                                                                             ,013-FROZEN FOOD                                                                                     ,03-013-FROZEN PROCESSED CHI                                                                                                                                                                             ,01-03-013-NUGGET                                                                                                                                                                                        ,01 Jun  ,30 Sep  
084,101014047319                  ,8 FRUIT IQF BLACKBERRIES 500GR                                                                                                                                                                                                                                                                                                                                                                                                                                                                                      ,103500,0,01-FOOD                                                                                             ,013-FROZEN FOOD                                                                                     ,05-013-FROZEN FRUIT                                                                                                                                                                                     ,02-05-013-OTHER                                                                                                                                                                                         ,01 Jun  ,30 Sep  
084,101014048824                  ,EDO MINI PUFF PASTRY 375GR                                                                                                                                                                                                                                                                                                                                                                                                                                                                                          ,35000,0,01-FOOD                                                                                             ,013-FROZEN FOOD                                                                                     ,01-013-READY TO COOK                                                                                                                                                                                    ,03-01-013-CAKE & PASTRY                                                                                                                                                                                 ,01 Jun  ,30 Sep  
084,101014051052                  ,ASAICHIBAN KOTSUBU NATTO 3*40G                                                                                                                                                                                                                                                                                                                                                                                                                                                                                      ,44500,0,01-FOOD                                                                                             ,013-FROZEN FOOD                                                                                     ,06-013-READY TO EAT                                                                                                                                                                                     ,05-06-13 PASTA                                                                                                                                                                                          ,01 Jun  ,30 Sep  
084,101014051226                  ,TAKANO GOKUKOTSUBU NATTO 30GR*                                                                                                                                                                                                                                                                                                                                                                                                                                                                                      ,44500,0,01-FOOD                                                                                             ,013-FROZEN FOOD                                                                                     ,06-013-READY TO EAT                                                                                                                                                                                     ,05-06-13 PASTA                                                                                                                                                                                          ,01 Jun  ,30 Sep  
084,101014057066                  ,BERNARDI BUN BURGER 6 S                                                                                                                                                                                                                                                                                                                                                                                                                                                                                             ,18000,0,01-FOOD                                                                                             ,013-FROZEN FOOD                                                                                     ,01-013-READY TO COOK                                                                                                                                                                                    ,01-01-013-BUN & MANTAU                                                                                                                                                                                  ,01 Jun  ,30 Sep  
084,101014063463                  ,ITOYA SEAFOOD GYOZA 200GR                                                                                                                                                                                                                                                                                                                                                                                                                                                                                           ,77000,0,01-FOOD                                                                                             ,013-FROZEN FOOD                                                                                     ,01-013-READY TO COOK                                                                                                                                                                                    ,09-01-013-JAPANESE FOOD                                                                                                                                                                                 ,01 Jun  ,30 Sep  
084,101014063819                  ,GOLDEN NATURA MIXED TROPICAL 4                                                                                                                                                                                                                                                                                                                                                                                                                                                                                      ,76000,0,01-FOOD                                                                                             ,013-FROZEN FOOD                                                                                     ,05-013-FROZEN FRUIT                                                                                                                                                                                     ,02-05-013-OTHER                                                                                                                                                                                         ,01 Jun  ,30 Sep  
084,101014063820                  ,GOLDEN NATURA MIXED PARADISE 4                                                                                                                                                                                                                                                                                                                                                                                                                                                                                      ,92000,0,01-FOOD                                                                                             ,013-FROZEN FOOD                                                                                     ,05-013-FROZEN FRUIT                                                                                                                                                                                     ,02-05-013-OTHER                                                                                                                                                                                         ,01 Jun  ,30 Sep  
084,101014064328                  ,MCCAIN CRISPERS 400GR                                                                                                                                                                                                                                                                                                                                                                                                                                                                                               ,42000,0,01-FOOD                                                                                             ,013-FROZEN FOOD                                                                                     ,02-013-VEGETABLES                                                                                                                                                                                       ,05-02-013-OTHERS                                                                                                                                                                                        ,01 Jun  ,30 Sep  
084,101014084823                  ,OLIVIVERO IQF GREEN PEAS 500GR                                                                                                                                                                                                                                                                                                                                                                                                                                                                                      ,44500,0,01-FOOD                                                                                             ,013-FROZEN FOOD                                                                                     ,02-013-VEGETABLES                                                                                                                                                                                       ,02-02-013-BEAN & CORN                                                                                                                                                                                   ,01 Jun  ,30 Sep  
084,101016038178                  ,CHICKEN BREAST BONELESS S/LESS                                                                                                                                                                                                                                                                                                                                                                                                                                                                                      ,147000,0,02-FRESH                                                                                            ,015-POULTRY                                                                                         ,01-015-CHICKEN                                                                                                                                                                                          ,02-01-015-PRE-CUT CHICKEN                                                                                                                                                                               ,01 Jun  ,30 Sep  
084,101016080132                  ,PEP. CHICKEN STIR FRY                                                                                                                                                                                                                                                                                                                                                                                                                                                                                               ,82500,0,02-FRESH                                                                                            ,015-POULTRY                                                                                         ,01-015-CHICKEN                                                                                                                                                                                          ,04-01-015-OTHER                                                                                                                                                                                         ,01 Jun  ,30 Sep  
084,101017054762                  ,BEEF STRIPLOIN A SLICE 250GR                                                                                                                                                                                                                                                                                                                                                                                                                                                                                        ,84500,0,02-FRESH                                                                                            ,016-BEEF                                                                                            ,01-016-IMPORTED BEEF                                                                                                                                                                                    ,01-01-016-AUSTRALIAN BEEF                                                                                                                                                                               ,01 Jun  ,30 Sep  
084,101017060217                  ,AUSTRALIAN STRIPLOIN YAKINIKU                                                                                                                                                                                                                                                                                                                                                                                                                                                                                       ,516000,0,02-FRESH                                                                                            ,016-BEEF                                                                                            ,01-016-IMPORTED BEEF                                                                                                                                                                                    ,01-01-016-AUSTRALIAN BEEF                                                                                                                                                                               ,01 Jun  ,30 Sep  
084,101017069930                  ,PRIME GRAIN FED BEEF KUCKLE KG                                                                                                                                                                                                                                                                                                                                                                                                                                                                                      ,309500,0,02-FRESH                                                                                            ,016-BEEF                                                                                            ,01-016-IMPORTED BEEF                                                                                                                                                                                    ,01-01-016-AUSTRALIAN BEEF                                                                                                                                                                               ,01 Jun  ,30 Sep  
084,101017069932                  ,PRIME GRAIN FED BEEF CHUCK TEN                                                                                                                                                                                                                                                                                                                                                                                                                                                                                      ,277000,0,02-FRESH                                                                                            ,016-BEEF                                                                                            ,01-016-IMPORTED BEEF                                                                                                                                                                                    ,01-01-016-AUSTRALIAN BEEF                                                                                                                                                                               ,01 Jun  ,30 Sep  
084,101017073853                  ,WAGYU RIB EYE MB.5 (D.A 21 DAY                                                                                                                                                                                                                                                                                                                                                                                                                                                                                      ,1436500,0,02-FRESH                                                                                            ,016-BEEF                                                                                            ,01-016-IMPORTED BEEF                                                                                                                                                                                    ,01-01-016-AUSTRALIAN BEEF                                                                                                                                                                               ,01 Jun  ,30 Sep  
084,101019037271                  ,PORK BAK KUT / RIBS KG                                                                                                                                                                                                                                                                                                                                                                                                                                                                                              ,171000,0,02-FRESH                                                                                            ,018-PORK                                                                                            ,02-018-LOCAL PORK                                                                                                                                                                                       ,04-02-018-RIBS                                                                                                                                                                                          ,01 Jun  ,30 Sep  
084,101021011152                  ,PARMESAN GRANA PADANO KG                                                                                                                                                                                                                                                                                                                                                                                                                                                                                            ,508500,0,02-FRESH                                                                                            ,020-WHOLE CHEESE DELI                                                                               ,06-020-HARD CHEESE                                                                                                                                                                                      ,03-06-020-HARD CHS ITALIAN                                                                                                                                                                              ,        ,        
084,101022030487                  ,RED SNAPPER FISH (IKAN KAKAP M                                                                                                                                                                                                                                                                                                                                                                                                                                                                                      ,195000,0,02-FRESH                                                                                            ,021-SEAFOOD                                                                                         ,01-021-FISH                                                                                                                                                                                             ,01-01-021-FRESH WATER FISH                                                                                                                                                                              ,01 Jun  ,30 Sep  
084,101022047705                  ,IKAN SHISHAMO 7-8S                                                                                                                                                                                                                                                                                                                                                                                                                                                                                                  ,66000,0,02-FRESH                                                                                            ,021-SEAFOOD                                                                                         ,01-021-FISH                                                                                                                                                                                             ,03-01-021-OTHER                                                                                                                                                                                         ,01 Jun  ,30 Sep  
084,101022086414                  ,SALMON NORWEGIA FILLET KG                                                                                                                                                                                                                                                                                                                                                                                                                                                                                           ,625000,0,02-FRESH                                                                                            ,021-SEAFOOD                                                                                         ,06-021-VALUE ADDED                                                                                                                                                                                      ,01-06-021-FILLED                                                                                                                                                                                        ,01 Jun  ,30 Sep  
084,101023011355                  ,SELADA KERITING HIJAU KG                                                                                                                                                                                                                                                                                                                                                                                                                                                                                            ,18000,0,02-FRESH                                                                                            ,022-VEGETABLE                                                                                       ,01-022-LEAFY                                                                                                                                                                                            ,01-01-022-LOCAL GROWERS                                                                                                                                                                                 ,01 Jun  ,30 Sep  
084,101023011357                  ,SELADA KERITING MERAH KG                                                                                                                                                                                                                                                                                                                                                                                                                                                                                            ,26000,0,02-FRESH                                                                                            ,022-VEGETABLE                                                                                       ,01-022-LEAFY                                                                                                                                                                                            ,01-01-022-LOCAL GROWERS                                                                                                                                                                                 ,01 Jun  ,30 Sep  
084,101023011361                  ,LETTUCE HEAD KG                                                                                                                                                                                                                                                                                                                                                                                                                                                                                                     ,27000,0,02-FRESH                                                                                            ,022-VEGETABLE                                                                                       ,01-022-LEAFY                                                                                                                                                                                            ,01-01-022-LOCAL GROWERS                                                                                                                                                                                 ,01 Jun  ,30 Sep  
084,101023011362                  ,BABY ROMANA LETTUCE KG                                                                                                                                                                                                                                                                                                                                                                                                                                                                                              ,30000,0,02-FRESH                                                                                            ,022-VEGETABLE                                                                                       ,01-022-LEAFY                                                                                                                                                                                            ,01-01-022-LOCAL GROWERS                                                                                                                                                                                 ,01 Jun  ,30 Sep  
084,101023011374                  ,KALE LOKAL KG                                                                                                                                                                                                                                                                                                                                                                                                                                                                                                       ,32000,0,02-FRESH                                                                                            ,022-VEGETABLE                                                                                       ,01-022-LEAFY                                                                                                                                                                                            ,01-01-022-LOCAL GROWERS                                                                                                                                                                                 ,01 Jun  ,30 Sep  
084,101023011375                  ,MUSHROOM CHAMPIGNON 250GR PACK                                                                                                                                                                                                                                                                                                                                                                                                                                                                                      ,22500,0,02-FRESH                                                                                            ,022-VEGETABLE                                                                                       ,01-022-LEAFY                                                                                                                                                                                            ,01-01-022-LOCAL GROWERS                                                                                                                                                                                 ,01 Jun  ,30 Sep  
084,101023011382                  ,MUSHROOM SNOW WHITE 150GR                                                                                                                                                                                                                                                                                                                                                                                                                                                                                           ,13500,0,02-FRESH                                                                                            ,022-VEGETABLE                                                                                       ,01-022-LEAFY                                                                                                                                                                                            ,01-01-022-LOCAL GROWERS                                                                                                                                                                                 ,01 Jun  ,30 Sep  
084,101023011407                  ,PLAGA MIX SALANOVA 70GR                                                                                                                                                                                                                                                                                                                                                                                                                                                                                             ,21000,0,02-FRESH                                                                                            ,022-VEGETABLE                                                                                       ,01-022-LEAFY                                                                                                                                                                                            ,03-01-022-LOCAL HYDROPONIC GRW                                                                                                                                                                          ,01 Jun  ,30 Sep  
084,101023011520                  ,TOMAT CHERRY YELLOW KG                                                                                                                                                                                                                                                                                                                                                                                                                                                                                              ,69000,0,02-FRESH                                                                                            ,022-VEGETABLE                                                                                       ,01-022-LEAFY                                                                                                                                                                                            ,21-01-022-TOMATO                                                                                                                                                                                        ,01 Jun  ,30 Sep  
084,101023011535                  ,BEETROOT KG                                                                                                                                                                                                                                                                                                                                                                                                                                                                                                         ,36000,0,02-FRESH                                                                                            ,022-VEGETABLE                                                                                       ,02-022-ROOTS                                                                                                                                                                                            ,01-02-022-LOCAL GROWERS                                                                                                                                                                                 ,01 Jun  ,30 Sep  
084,101023011577                  ,CELERY STICK IMPORT KG                                                                                                                                                                                                                                                                                                                                                                                                                                                                                              ,202000,0,02-FRESH                                                                                            ,022-VEGETABLE                                                                                       ,02-022-ROOTS                                                                                                                                                                                            ,04-02-022-IMPORT GROWERS                                                                                                                                                                                ,01 Jun  ,30 Sep  
084,101023011591                  ,BUNCIS KG                                                                                                                                                                                                                                                                                                                                                                                                                                                                                                           ,38500,0,02-FRESH                                                                                            ,022-VEGETABLE                                                                                       ,03-022-FRUIT VEGETABLES                                                                                                                                                                                 ,01-03-022-LOCAL GROWERS                                                                                                                                                                                 ,01 Jun  ,30 Sep  
084,101023011595                  ,KOL PUTIH BULAT KG                                                                                                                                                                                                                                                                                                                                                                                                                                                                                                  ,10500,0,02-FRESH                                                                                            ,022-VEGETABLE                                                                                       ,03-022-FRUIT VEGETABLES                                                                                                                                                                                 ,01-03-022-LOCAL GROWERS                                                                                                                                                                                 ,01 Jun  ,30 Sep  
084,101023011599                  ,KYURI/ TIMUN JEPANG KG                                                                                                                                                                                                                                                                                                                                                                                                                                                                                              ,43500,0,02-FRESH                                                                                            ,022-VEGETABLE                                                                                       ,03-022-FRUIT VEGETABLES                                                                                                                                                                                 ,01-03-022-LOCAL GROWERS                                                                                                                                                                                 ,01 Jun  ,30 Sep  
084,101023011609                  ,JAGUNG MANIS KUPAS KG                                                                                                                                                                                                                                                                                                                                                                                                                                                                                               ,19000,0,02-FRESH                                                                                            ,022-VEGETABLE                                                                                       ,03-022-FRUIT VEGETABLES                                                                                                                                                                                 ,01-03-022-LOCAL GROWERS                                                                                                                                                                                 ,01 Jun  ,30 Sep  
084,101023011610                  ,TOMAT CHERRY RED KG                                                                                                                                                                                                                                                                                                                                                                                                                                                                                                 ,56500,0,02-FRESH                                                                                            ,022-VEGETABLE                                                                                       ,03-022-FRUIT VEGETABLES                                                                                                                                                                                 ,01-03-022-LOCAL GROWERS                                                                                                                                                                                 ,01 Jun  ,30 Sep  
084,101023011617                  ,CABE RAWIT MERAH KG                                                                                                                                                                                                                                                                                                                                                                                                                                                                                                 ,100500,0,02-FRESH                                                                                            ,022-VEGETABLE                                                                                       ,03-022-FRUIT VEGETABLES                                                                                                                                                                                 ,01-03-022-LOCAL GROWERS                                                                                                                                                                                 ,01 Jun  ,30 Sep  
084,101023011619                  ,CABE HIJAU BESAR KG                                                                                                                                                                                                                                                                                                                                                                                                                                                                                                 ,45000,0,02-FRESH                                                                                            ,022-VEGETABLE                                                                                       ,03-022-FRUIT VEGETABLES                                                                                                                                                                                 ,01-03-022-LOCAL GROWERS                                                                                                                                                                                 ,01 Jun  ,30 Sep  
084,101023011620                  ,PAPRIKA MERAH KG                                                                                                                                                                                                                                                                                                                                                                                                                                                                                                    ,67000,0,02-FRESH                                                                                            ,022-VEGETABLE                                                                                       ,03-022-FRUIT VEGETABLES                                                                                                                                                                                 ,01-03-022-LOCAL GROWERS                                                                                                                                                                                 ,01 Jun  ,30 Sep  
084,101023011621                  ,PAPRIKA KUNING KG                                                                                                                                                                                                                                                                                                                                                                                                                                                                                                   ,94000,0,02-FRESH                                                                                            ,022-VEGETABLE                                                                                       ,03-022-FRUIT VEGETABLES                                                                                                                                                                                 ,01-03-022-LOCAL GROWERS                                                                                                                                                                                 ,01 Jun  ,30 Sep  
084,101023011622                  ,PAPRIKA HIJAU KG                                                                                                                                                                                                                                                                                                                                                                                                                                                                                                    ,64500,0,02-FRESH                                                                                            ,022-VEGETABLE                                                                                       ,03-022-FRUIT VEGETABLES                                                                                                                                                                                 ,01-03-022-LOCAL GROWERS                                                                                                                                                                                 ,01 Jun  ,30 Sep  
084,101023011643                  ,TOMATO CHERRY RED HYDROPONIC 2                                                                                                                                                                                                                                                                                                                                                                                                                                                                                      ,29000,0,02-FRESH                                                                                            ,022-VEGETABLE                                                                                       ,03-022-FRUIT VEGETABLES                                                                                                                                                                                 ,03-03-022-LOCAL HYDROPONIC GRW                                                                                                                                                                          ,01 Jun  ,30 Sep  
084,101023011656                  ,DAUN DILL KG                                                                                                                                                                                                                                                                                                                                                                                                                                                                                                        ,129500,0,02-FRESH                                                                                            ,022-VEGETABLE                                                                                       ,04-022-HERBS AND SPICES                                                                                                                                                                                 ,01-04-022-LOCAL GROWERS                                                                                                                                                                                 ,01 Jun  ,30 Sep  
084,101023011659                  ,DAUN KETUMBAR/CORIANDER 100GR                                                                                                                                                                                                                                                                                                                                                                                                                                                                                       ,12500,0,02-FRESH                                                                                            ,022-VEGETABLE                                                                                       ,04-022-HERBS AND SPICES                                                                                                                                                                                 ,01-04-022-LOCAL GROWERS                                                                                                                                                                                 ,01 Jun  ,30 Sep  
084,101023011660                  ,DAUN MINT 100GR                                                                                                                                                                                                                                                                                                                                                                                                                                                                                                     ,12500,0,02-FRESH                                                                                            ,022-VEGETABLE                                                                                       ,04-022-HERBS AND SPICES                                                                                                                                                                                 ,01-04-022-LOCAL GROWERS                                                                                                                                                                                 ,01 Jun  ,30 Sep  
084,101023029796                  ,SUNRISE SIOMAY POTATO 650GR                                                                                                                                                                                                                                                                                                                                                                                                                                                                                         ,46000,0,02-FRESH                                                                                            ,022-VEGETABLE                                                                                       ,02-022-ROOTS                                                                                                                                                                                            ,01-02-022-LOCAL GROWERS                                                                                                                                                                                 ,01 Jun  ,30 Sep  
084,101023033131                  ,JAGUNG MANIS PIPILAN 500GR                                                                                                                                                                                                                                                                                                                                                                                                                                                                                          ,18500,0,02-FRESH                                                                                            ,022-VEGETABLE                                                                                       ,02-022-ROOTS                                                                                                                                                                                            ,01-02-022-LOCAL GROWERS                                                                                                                                                                                 ,01 Jun  ,30 Sep  
084,101023035153                  ,CELERY STICK IMPORT RRC KG                                                                                                                                                                                                                                                                                                                                                                                                                                                                                          ,44500,0,02-FRESH                                                                                            ,022-VEGETABLE                                                                                       ,02-022-ROOTS                                                                                                                                                                                            ,04-02-022-IMPORT GROWERS                                                                                                                                                                                ,01 Jun  ,30 Sep  
084,101023044404                  ,HIGHLAND MESCLUN W EDIBLE FLW                                                                                                                                                                                                                                                                                                                                                                                                                                                                                       ,64200,0,02-FRESH                                                                                            ,022-VEGETABLE                                                                                       ,03-022-FRUIT VEGETABLES                                                                                                                                                                                 ,04-03-022-IMPORT GROWERS                                                                                                                                                                                ,01 Jun  ,30 Sep  
084,101023054421                  ,PLAGA LETTUCE HEAD KG                                                                                                                                                                                                                                                                                                                                                                                                                                                                                               ,59000,0,02-FRESH                                                                                            ,022-VEGETABLE                                                                                       ,01-022-LEAFY                                                                                                                                                                                            ,09-01-022-HYDRO VEGE                                                                                                                                                                                    ,01 Jun  ,30 Sep  
084,101023070226                  ,BROCOLINI PACK 200GR                                                                                                                                                                                                                                                                                                                                                                                                                                                                                                ,40500,0,02-FRESH                                                                                            ,022-VEGETABLE                                                                                       ,03-022-FRUIT VEGETABLES                                                                                                                                                                                 ,04-03-022-IMPORT GROWERS                                                                                                                                                                                ,01 Jun  ,30 Sep  
084,101023082175                  ,PEPITO HERBS OREGANO 50GR                                                                                                                                                                                                                                                                                                                                                                                                                                                                                           ,14000,0,02-FRESH                                                                                            ,022-VEGETABLE                                                                                       ,04-022-HERBS AND SPICES                                                                                                                                                                                 ,03-04-022-LOCAL HYDROPONIC GRW                                                                                                                                                                          ,01 Jun  ,30 Sep  
084,101023082176                  ,PEPITO HERBS TARRAGON 50GR                                                                                                                                                                                                                                                                                                                                                                                                                                                                                          ,14000,0,02-FRESH                                                                                            ,022-VEGETABLE                                                                                       ,04-022-HERBS AND SPICES                                                                                                                                                                                 ,03-04-022-LOCAL HYDROPONIC GRW                                                                                                                                                                          ,01 Jun  ,30 Sep  
084,101023084728                  ,PEPITO SELADA HEAD ORG KG                                                                                                                                                                                                                                                                                                                                                                                                                                                                                           ,44500,0,02-FRESH                                                                                            ,022-VEGETABLE                                                                                       ,01-022-LEAFY                                                                                                                                                                                            ,01-01-022-LOCAL GROWERS                                                                                                                                                                                 ,01 Jun  ,30 Sep  
084,101024011683                  ,SUNPRIDE PISANG CAVENDISH                                                                                                                                                                                                                                                                                                                                                                                                                                                                                           ,32000,0,02-FRESH                                                                                            ,023-FRUIT                                                                                           ,01-023-FRUIT                                                                                                                                                                                            ,01-01-023-LOCAL GROWERS                                                                                                                                                                                 ,01 Jun  ,30 Sep  
084,101024011686                  ,JERUK NIPIS                                                                                                                                                                                                                                                                                                                                                                                                                                                                                                         ,28500,0,02-FRESH                                                                                            ,023-FRUIT                                                                                           ,01-023-FRUIT                                                                                                                                                                                            ,01-01-023-LOCAL GROWERS                                                                                                                                                                                 ,01 Jun  ,30 Sep  
084,101024011691                  ,NANGKA KUPAS                                                                                                                                                                                                                                                                                                                                                                                                                                                                                                        ,116500,0,02-FRESH                                                                                            ,023-FRUIT                                                                                           ,01-023-FRUIT                                                                                                                                                                                            ,01-01-023-LOCAL GROWERS                                                                                                                                                                                 ,01 Jun  ,30 Sep  
084,101024011692                  ,SEMANGKA MERAH NB                                                                                                                                                                                                                                                                                                                                                                                                                                                                                                   ,27000,0,02-FRESH                                                                                            ,023-FRUIT                                                                                           ,01-023-FRUIT                                                                                                                                                                                            ,01-01-023-LOCAL GROWERS                                                                                                                                                                                 ,01 Jun  ,30 Sep  
084,101024011693                  ,SEMANGKA KUNING NB                                                                                                                                                                                                                                                                                                                                                                                                                                                                                                  ,30000,0,02-FRESH                                                                                            ,023-FRUIT                                                                                           ,01-023-FRUIT                                                                                                                                                                                            ,01-01-023-LOCAL GROWERS                                                                                                                                                                                 ,01 Jun  ,30 Sep  
084,101024011708                  ,MANGGA GEDONG GINCU                                                                                                                                                                                                                                                                                                                                                                                                                                                                                                 ,66500,0,02-FRESH                                                                                            ,023-FRUIT                                                                                           ,01-023-FRUIT                                                                                                                                                                                            ,01-01-023-LOCAL GROWERS                                                                                                                                                                                 ,01 Jun  ,30 Sep  
084,101024011710                  ,MARKISA                                                                                                                                                                                                                                                                                                                                                                                                                                                                                                             ,142000,0,02-FRESH                                                                                            ,023-FRUIT                                                                                           ,01-023-FRUIT                                                                                                                                                                                            ,01-01-023-LOCAL GROWERS                                                                                                                                                                                 ,01 Jun  ,30 Sep  
084,101024011793                  ,JERUK HONEY MURCOT PREMIUM                                                                                                                                                                                                                                                                                                                                                                                                                                                                                          ,75500,0,02-FRESH                                                                                            ,023-FRUIT                                                                                           ,02-023-EXOTIC                                                                                                                                                                                           ,06-02-023-ORANGE                                                                                                                                                                                        ,01 Jun  ,30 Sep  
084,101024011801                  ,JERUK FREEMONT                                                                                                                                                                                                                                                                                                                                                                                                                                                                                                      ,81000,0,02-FRESH                                                                                            ,023-FRUIT                                                                                           ,02-023-EXOTIC                                                                                                                                                                                           ,06-02-023-ORANGE                                                                                                                                                                                        ,01 Jun  ,30 Sep  
084,101024030018                  ,LYCHEES IMPORT GREEN                                                                                                                                                                                                                                                                                                                                                                                                                                                                                                ,183000,0,02-FRESH                                                                                            ,023-FRUIT                                                                                           ,02-023-EXOTIC                                                                                                                                                                                           ,04-02-023-IMPORT ORGANIC GROW                                                                                                                                                                           ,01 Jun  ,30 Sep  
084,101024034834                  ,COCONUT COCO THUMB PCS                                                                                                                                                                                                                                                                                                                                                                                                                                                                                              ,60000,0,02-FRESH                                                                                            ,023-FRUIT                                                                                           ,01-023-FRUIT                                                                                                                                                                                            ,03-01-023-IMPORT GROWERS                                                                                                                                                                                ,01 Jun  ,30 Sep  
084,101024048461                  ,STRAWBERRY PINK KOREA 330GR                                                                                                                                                                                                                                                                                                                                                                                                                                                                                         ,422000,0,02-FRESH                                                                                            ,023-FRUIT                                                                                           ,02-023-EXOTIC                                                                                                                                                                                           ,08-02-023-STRAWBERRY                                                                                                                                                                                    ,01 Jun  ,30 Sep  
084,101024061177                  ,DURIAN BAWOR KUPAS                                                                                                                                                                                                                                                                                                                                                                                                                                                                                                  ,393000,0,02-FRESH                                                                                            ,023-FRUIT                                                                                           ,01-023-FRUIT                                                                                                                                                                                            ,01-01-023-LOCAL GROWERS                                                                                                                                                                                 ,01 Jun  ,30 Sep  
084,101024065730                  ,KURMA ANA AJWA DATES                                                                                                                                                                                                                                                                                                                                                                                                                                                                                                ,230000,0,02-FRESH                                                                                            ,023-FRUIT                                                                                           ,02-023-EXOTIC                                                                                                                                                                                           ,10-02-023-OTHER                                                                                                                                                                                         ,01 Jun  ,30 Sep  
084,101024067254                  ,DURIAN PALU KUPAS                                                                                                                                                                                                                                                                                                                                                                                                                                                                                                   ,233000,0,02-FRESH                                                                                            ,023-FRUIT                                                                                           ,01-023-FRUIT                                                                                                                                                                                            ,01-01-023-LOCAL GROWERS                                                                                                                                                                                 ,01 Jun  ,30 Sep  
084,101024079314                  ,APEL CHERISH NZ 750GR                                                                                                                                                                                                                                                                                                                                                                                                                                                                                               ,65000,0,02-FRESH                                                                                            ,023-FRUIT                                                                                           ,01-023-FRUIT                                                                                                                                                                                            ,03-01-023-IMPORT GROWERS                                                                                                                                                                                ,01 Jun  ,30 Sep  
084,101024080336                  ,ALPUKAT HAAS PREMIUM                                                                                                                                                                                                                                                                                                                                                                                                                                                                                                ,125000,0,02-FRESH                                                                                            ,023-FRUIT                                                                                           ,01-023-FRUIT                                                                                                                                                                                            ,01-01-023-LOCAL GROWERS                                                                                                                                                                                 ,01 Jun  ,30 Sep  
084,101024080609                  ,MANGGIS CHERRY                                                                                                                                                                                                                                                                                                                                                                                                                                                                                                      ,46000,0,02-FRESH                                                                                            ,023-FRUIT                                                                                           ,01-023-FRUIT                                                                                                                                                                                            ,01-01-023-LOCAL GROWERS                                                                                                                                                                                 ,01 Jun  ,30 Sep  
084,101024085783                  ,PEACH SNOW RRC 2S                                                                                                                                                                                                                                                                                                                                                                                                                                                                                                   ,90000,0,02-FRESH                                                                                            ,023-FRUIT                                                                                           ,02-023-EXOTIC                                                                                                                                                                                           ,03-02-023-IMPORT GROWERS                                                                                                                                                                                ,01 Jun  ,30 Sep  
084,101024085824                  ,JUICE REFRESH RED                                                                                                                                                                                                                                                                                                                                                                                                                                                                                                   ,25000,0,02-FRESH                                                                                            ,023-FRUIT                                                                                           ,05-023-PROCESSED FRUIT                                                                                                                                                                                  ,01-05-023-FRESH JUICE                                                                                                                                                                                   ,01 Jul  ,30 Sep  
084,101033013895                  ,ELLIPS HAIR VIT SMOOTH&SHINY B                                                                                                                                                                                                                                                                                                                                                                                                                                                                                      ,17500,14000,03-NON FOOD                                                                                         ,035-PERSONAL CARE                                                                                   ,01-035-HAIR CARE                                                                                                                                                                                        ,10-01-035-HAIR TREATMENT                                                                                                                                                                                ,23 Aug  ,31 Aug  
084,101033014605                  ,COLGATE ADVANCED WHITENING 90G                                                                                                                                                                                                                                                                                                                                                                                                                                                                                      ,24000,0,03-NON FOOD                                                                                         ,035-PERSONAL CARE                                                                                   ,03-035-DENTAL                                                                                                                                                                                           ,02-03-035-TOOTH PASTE                                                                                                                                                                                   ,        ,        
084,101033079905                  ,KAHF DEO CLEAN FRESH ANTIPERSP                                                                                                                                                                                                                                                                                                                                                                                                                                                                                      ,26500,0,03-NON FOOD                                                                                         ,035-PERSONAL CARE                                                                                   ,07-035-BODY FRAGRANCE                                                                                                                                                                                   ,02-07-035-DEODORANT                                                                                                                                                                                     ,        ,        
084,101033079906                  ,KAHF POMADE MATTE DAPPER WATER                                                                                                                                                                                                                                                                                                                                                                                                                                                                                      ,46000,0,03-NON FOOD                                                                                         ,035-PERSONAL CARE                                                                                   ,01-035-HAIR CARE                                                                                                                                                                                        ,05-01-035-HAIR GEL                                                                                                                                                                                      ,        ,        
084,101033079907                  ,KAHF POMADE SLEEK CLASSY WATER                                                                                                                                                                                                                                                                                                                                                                                                                                                                                      ,46000,0,03-NON FOOD                                                                                         ,035-PERSONAL CARE                                                                                   ,01-035-HAIR CARE                                                                                                                                                                                        ,05-01-035-HAIR GEL                                                                                                                                                                                      ,        ,        
084,101033079909                  ,EARTH LOVE L BW BULGARIAN ROSE                                                                                                                                                                                                                                                                                                                                                                                                                                                                                      ,82000,0,03-NON FOOD                                                                                         ,035-PERSONAL CARE                                                                                   ,06-035-SKIN CARE                                                                                                                                                                                        ,02-06-035-LIQUID SOAP                                                                                                                                                                                   ,        ,        
084,101033079911                  ,EARTH LOVE L BW EAST BALINSE B                                                                                                                                                                                                                                                                                                                                                                                                                                                                                      ,82000,0,03-NON FOOD                                                                                         ,035-PERSONAL CARE                                                                                   ,06-035-SKIN CARE                                                                                                                                                                                        ,02-06-035-LIQUID SOAP                                                                                                                                                                                   ,        ,        
084,101033082522                  ,ORIGINAL SOURCE BWASH VANILLA                                                                                                                                                                                                                                                                                                                                                                                                                                                                                       ,117000,0,03-NON FOOD                                                                                         ,035-PERSONAL CARE                                                                                   ,06-035-SKIN CARE                                                                                                                                                                                        ,02-06-035-LIQUID SOAP                                                                                                                                                                                   ,        ,        
084,101033086704                  ,WARDAH UV SHIELD AIRY SUNSCREE                                                                                                                                                                                                                                                                                                                                                                                                                                                                                      ,67500,0,03-NON FOOD                                                                                         ,035-PERSONAL CARE                                                                                   ,06-035-SKIN CARE                                                                                                                                                                                        ,06-06-035-SUN PROTECTION                                                                                                                                                                                ,        ,        
084,101034052612                  ,MERRIES PANTS GOOD SKIN XL-7                                                                                                                                                                                                                                                                                                                                                                                                                                                                                        ,23000,0,03-NON FOOD                                                                                         ,036-BABY NEEDS                                                                                      ,03-036-BABY DIAPERS                                                                                                                                                                                     ,01-03-036-BABY DIAPERS                                                                                                                                                                                  ,        ,        
084,101034065055                  ,NEPPI BABY WIPES CHANG DIAPER                                                                                                                                                                                                                                                                                                                                                                                                                                                                                       ,23500,0,03-NON FOOD                                                                                         ,036-BABY NEEDS                                                                                      ,04-036-BABY WIPES                                                                                                                                                                                       ,01-04-036-BABY WIPES                                                                                                                                                                                    ,        ,        
084,101043020449                  ,CLEAR GLASS CLEANER LIQ BLUE P                                                                                                                                                                                                                                                                                                                                                                                                                                                                                      ,16500,0,03-NON FOOD                                                                                         ,046-CHEMICAL                                                                                        ,04-046-CLEANER                                                                                                                                                                                          ,04-04-046-GLASS CLEANER                                                                                                                                                                                 ,        ,        
084,101044065744                  ,SOZO LILIN ULIR PANJANG                                                                                                                                                                                                                                                                                                                                                                                                                                                                                             ,15500,0,03-NON FOOD                                                                                         ,047-SUPPLIES                                                                                        ,04-047-PARTY SUPPLIES                                                                                                                                                                                   ,01-04-047-CANDLES                                                                                                                                                                                       ,        ,        
084,101051022879                  ,GOURMET MARKET BAG                                                                                                                                                                                                                                                                                                                                                                                                                                                                                                  ,15000,0,03-NON FOOD                                                                                         ,054-BAG&LUGGAGE                                                                                     ,02-054-LUGGAGE                                                                                                                                                                                          ,08-02-054-SHOPPING BAG                                                                                                                                                                                  ,        ,        
